Sentence,Label
what is the project status ?,status
Could you provide an update on the current status of the project?,status
What's the latest information regarding the progress of the project?,status
Can you give me an overview of where the project stands at the moment?,status
I'm curious about the project's current status. Could you fill me in?,status
What's the status report for the project? Any recent developments?,status
Could you share the project's status with me? I'd like to stay informed.,status
What's the project's status update? Is everything on track?,status
Can you provide a status update on the project's progress thus far?,status
I'd appreciate it if you could update me on the project's current status.,status
What's the status of the project at this point in time?,status
what are the high priority projects?,HIGH
Which projects are considered high priority and require immediate attention?,HIGH
Could you provide a list of projects that have been designated as high priority?,HIGH
What projects are currently marked as high priority and need to be addressed urgently?,HIGH
Can you identify the projects with the highest priority status?,HIGH
I'm interested in knowing which projects are considered high priority. Could you share that information?,HIGH
What are the top priority projects that the team is focusing on right now?,HIGH
Could you please highlight the high priority projects that are of utmost importance?,HIGH
What are the critical projects that are classified as high priority?,HIGH
I'd like to know which projects have been prioritized as high priority. Could you clarify that for me?,HIGH
Can you list the projects that have been identified as high priority and need immediate action or attention?,HIGH
what are the no priority projects?,NO_PRIORITY
Could you provide a list of projects that are not considered a priority at the moment?,NO_PRIORITY
What projects have been categorized as low priority and are not currently receiving significant attention?,NO_PRIORITY
Can you identify the projects that have been designated as non-priority?,NO_PRIORITY
I'm interested in knowing which projects are not a priority right now. Could you list them?,NO_PRIORITY
What are the projects that are considered low priority and are not at the top of the list?,NO_PRIORITY
Could you please highlight the projects that are categorized as non-priority?,NO_PRIORITY
What projects have been identified as not having a high priority status?,NO_PRIORITY
Can you list the projects that are not deemed critical or high priority at this time?,NO_PRIORITY
I'd like to know which projects are currently classified as non-priority. Could you clarify that for me?,NO_PRIORITY
What projects are on the list of non-priority projects that don't require immediate attention or action?,NO_PRIORITY
what are the low priority projects?,LOW
Can you provide a list of projects that are categorized as low priority?,LOW
Which projects are currently marked as low priority and are not receiving immediate attention?,LOW
What projects have been designated as lower priority compared to others?,LOW
Could you identify the projects that are considered low priority at the moment?,LOW
I'm interested in knowing which projects are classified as low priority. Could you share that information?,LOW
What are the projects that have been deprioritized and are not at the top of the list?,LOW
Can you list the projects that are not considered high priority or critical?,LOW
What projects are on the list of low priority projects that don't require immediate action or attention?,LOW
I'd like to know which projects are currently classified as low priority. Could you clarify that for me?,LOW
What projects are identified as having a lower priority status compared to others in the pipeline?,LOW
what are the medium priority projects?,MEDIUM
Could you provide a list of projects that fall under the category of medium priority?,MEDIUM
Which projects are currently categorized as medium priority and are being addressed accordingly?,MEDIUM
What projects have been designated as having a medium priority status?,MEDIUM
Can you identify the projects that are considered medium priority at this time?,MEDIUM
I'm interested in knowing which projects are classified as medium priority. Could you share that information?,MEDIUM
What are the projects that are neither high nor low priority but fall in the medium priority range?,MEDIUM
Can you list the projects that are identified as having a medium priority status in the project portfolio?,MEDIUM
What projects are on the list of medium priority projects that require attention but are not urgent?,MEDIUM
I'd like to know which projects are currently classified as medium priority. Could you clarify that for me?,MEDIUM
What projects are identified as having a moderate level of priority compared to others in the project hierarchy?,MEDIUM
what are the project is in the open status?,OPEN
Could you provide a list of projects that are currently in the open status?,OPEN
Which projects are marked as being in the open status and are actively being worked on?,OPEN
What projects have been categorized as being in the open status and are accessible for updates or contributions?,OPEN
Can you identify the projects that are currently in the open status and are open for collaboration?,OPEN
I'm interested in knowing which projects are classified as being in the open status. Could you share that information?,OPEN
"What are the projects that are in the open status, indicating that they are ongoing and accessible to the team?",OPEN
Can you list the projects that are identified as being in the open status in the project management system?,OPEN
"What projects are on the list of open status projects, indicating that they are available for further development or contributions?",OPEN
I'd like to know which projects are currently classified as being in the open status. Could you clarify that for me?,OPEN
"What projects are identified as being in the open status, signifying that they are active and open for participation or updates?",OPEN
what are the project is in the in-process status?,In-Progress
Could you provide a list of projects that are currently in the in-process status?,In-Progress
Which projects are marked as being in the in-process status and are actively undergoing development?,In-Progress
What projects have been categorized as being in the in-process status and are currently being worked on by the team?,In-Progress
Can you identify the projects that are currently in the in-process status and are progressing towards completion?,In-Progress
I'm interested in knowing which projects are classified as being in the in-process status. Could you share that information?,In-Progress
"What are the projects that are in the in-process status, indicating that they are actively being executed or implemented?",In-Progress
Can you list the projects that are identified as being in the in-process status in the project management system?,In-Progress
"What projects are on the list of in-process status projects, indicating that they are undergoing development or execution?",In-Progress
I'd like to know which projects are currently classified as being in the in-process status. Could you clarify that for me?,In-Progress
"What projects are identified as being in the in-process status, signifying that they are currently underway and in progress?",In-Progress
what are the project is in the completed status?,Completed
Could you provide a list of projects that are currently in the completed status?,Completed
Which projects have been marked as completed and are no longer in active development?,Completed
"What projects have been categorized as being in the completed status, indicating that they have been successfully finished?",Completed
Can you identify the projects that are currently in the completed status and are ready for review or deployment?,Completed
I'm interested in knowing which projects are classified as being in the completed status. Could you share that information?,Completed
"What are the projects that are in the completed status, signifying that they have reached their final stage and are ready for the next steps?",Completed
Can you list the projects that are identified as being in the completed status in the project management system?,Completed
"What projects are on the list of completed status projects, indicating that they have been completed successfully?",Completed
I'd like to know which projects are currently classified as being in the completed status. Could you clarify that for me?,Completed
"What projects are identified as being in the completed status, indicating that they have achieved their goals and milestones?",Completed
what is the project description?,description
"Can you provide a detailed description of the project's objectives, scope, and deliverables?",description
"What is the overarching description of the project, including its goals and expected outcomes?",description
"Could you give an overview of the project, including its purpose, timeline, and key components?",description
"I'd like to understand the project better. Could you describe its background, objectives, and significance?",description
"What are the key aspects of the project that you can describe, such as its purpose, stakeholders, and expected results?",description
"Can you provide a comprehensive description of the project, including its goals, methodology, and target audience?",description
"What is the project all about? Could you provide a synopsis that includes its purpose, activities, and expected impact?",description
"I'm interested in learning more about the project. Could you outline its description, including its goals and key features?",description
"Could you provide an overview of the project's scope, including the activities involved and the desired outcomes?",description
"What are the main elements of the project description that you can share, such as its objectives, timeline, and resources required?",description
what is the project title?,title
What is the official title of the project that you're referring to?,title
Could you provide the project's specific title or name for reference?,title
What is the project formally called? Can you share its title?,title
I'd like to know the exact title of the project. Could you provide that information?,title
Can you give me the project's title or name so I can identify it correctly?,title
What is the project's title that you're discussing? Please share it with me.,title
"Could you specify the title of the project you're referring to, including any version or code if applicable?",title
Can you clarify the project's title for better understanding and reference?,title
I'm interested in the project's title. Could you share it so I can have a clear context?,title
What title has been assigned to the project? I'd like to know the specific name used to refer to it.,title
what are the project contains feature tag?,Feature
Which features are tagged under the project's feature tag?,Feature
Could you list the features that are associated with the project's feature tag?,Feature
What specific functionalities or capabilities are included in the project's feature tag?,Feature
Can you provide an overview of the features categorized under the project's feature tag?,Feature
I'm interested in knowing which project features are tagged under a specific feature tag. Could you share that information?,Feature
What features have been labeled or tagged under the project's feature tag for reference?,Feature
Can you outline the features that fall under the project's feature tag for easier identification?,Feature
What functionalities or components are grouped under the project's feature tag?,Feature
Could you clarify which project elements are categorized under the feature tag for better understanding?,Feature
What features are included in the project's feature tag? I'd like to know the specific functionalities identified under this tag.,Feature
what are the project contains refactor tag?,Refactor
Could you list the components or code sections in the project that are marked with the refactor tag?,Refactor
What specific parts of the project have been identified for refactoring and are tagged accordingly?,Refactor
Can you provide an overview of the project elements categorized under the refactor tag for improvement?,Refactor
I'm interested in knowing which parts of the project are tagged for refactoring. Could you share that information?,Refactor
What sections or modules of the project have been labeled with the refactor tag to indicate areas for improvement?,Refactor
Can you outline the components that are marked for refactoring under the project's refactor tag?,Refactor
What code segments or functionalities are grouped under the refactor tag in the project?,Refactor
Could you clarify which project elements are categorized under the refactor tag for code enhancement?,Refactor
What specific changes or improvements are planned for the project based on the refactor tag?,Refactor
I'd like to understand the areas identified for refactoring in the project. Could you provide details on the refactor-tagged components?,Refactor
what are the project contains release tag?,Release
Can you list the features or updates in the project that are labeled with the release tag?,Release
What specific enhancements or functionalities are included in the project's release tag?,Release
Could you provide an overview of the project elements categorized under the release tag for deployment?,Release
I'm interested in knowing which parts of the project are tagged for release. Could you share that information?,Release
What components or modules of the project have been marked with the release tag to indicate readiness for deployment?,Release
Can you outline the features that are labeled for release under the project's release tag?,Release
What code segments or functionalities are grouped under the release tag in the project?,Release
Could you clarify which project elements are categorized under the release tag for deployment purposes?,Release
What specific updates or features are planned for release based on the release tag?,Release
I'd like to understand the components identified for release in the project. Could you provide details on the release-tagged elements?,Release
when the project is created?,created_at
Can you provide the date or timeframe when the project was initially created?,created_at
When was the project first established or initiated?,created_at
"What is the project's creation date, indicating when it was started?",created_at
Could you share the timestamp or historical record of when the project was created?,created_at
I'm interested in knowing the project's inception date. When was it first created?,created_at
"What is the project's creation timeline, including the start date?",created_at
Can you specify the exact date or month when the project was created?,created_at
When did the project officially begin or get initiated?,created_at
What is the project's creation history or starting point?,created_at
Could you provide information on when the project was initially launched or established?,created_at
when the project is assigned?,assigned_to
Can you provide the date or timeframe when the project was first assigned to a team or individual?,assigned_to
When was the project officially assigned to the team or project manager?,assigned_to
"What is the assignment date of the project, indicating when it was allocated to a responsible party?",assigned_to
Could you share the timestamp or historical record of when the project was assigned?,assigned_to
I'm interested in knowing the project's assignment date. When was it first allocated to a team or person?,assigned_to
"What is the project's assignment timeline, including the date it was delegated to a responsible entity?",assigned_to
Can you specify the exact date or month when the project was assigned to its respective stakeholders?,assigned_to
When did the project officially get assigned and become active?,assigned_to
What is the project's assignment history or initiation point?,assigned_to
Could you provide information on when the project was first allocated or assigned to a team or individual?,assigned_to
what is the project due date of the project?,due_date
Can you provide the deadline or due date for completing the project?,due_date
When is the project expected to be completed or delivered? What is the due date?,due_date
What is the target completion date or due date for the project?,due_date
Could you share the timeline or deadline set for finishing the project?,due_date
I'm interested in knowing the project's due date. When is it scheduled to be finished?,due_date
"What is the project's completion timeline, including the specified due date?",due_date
Can you specify the exact date or timeframe by which the project should be completed?,due_date
When is the project expected to be finalized or completed according to the due date?,due_date
What is the project's due date or deadline for completion?,due_date
Could you provide information on the scheduled due date or deadline for the project's completion?,due_date
who assigned this task in the project?,assigned_by
Can you identify the individual or team member who assigned this task within the project?,assigned_by
Who is responsible for assigning this specific task in the project?,assigned_by
What is the name of the person or authority who assigned this task in the project?,assigned_by
Could you provide information on who delegated this task within the project?,assigned_by
I'm curious to know who assigned this task. Can you share the name or role of the person responsible?,assigned_by
What is the assignment history of this task? Who was the assignor within the project?,assigned_by
Can you specify the individual or team member who assigned this task and their role in the project?,assigned_by
Who is the designated person or entity responsible for task assignment in this project?,assigned_by
"What is the chain of command or responsibility for task assignment in the project, and who specifically assigned this task?",assigned_by
Could you clarify who assigned this task within the project and provide details on their role or authority?,assigned_by
how many members are working in the project?,assigned_to
What is the total number of team members actively involved in the project?,assigned_to
How many individuals are currently part of the project team and actively contributing?,assigned_to
Can you provide the headcount of team members working on the project?,assigned_to
Could you share the number of people involved in the project and working on various tasks?,assigned_to
I'm interested in knowing the size of the project team. How many members are currently working on it?,assigned_to
What is the team composition like in terms of the number of members actively engaged in the project?,assigned_to
Can you specify the total count of individuals working on different aspects of the project?,assigned_to
How many team members have been allocated roles and responsibilities within the project?,assigned_to
What is the manpower or resource allocation like in terms of team members for the project?,assigned_to
"Could you provide information on the workforce size within the project, including the number of members contributing to its progress?",assigned_to
who are the asignee of this project?,assigned_to
Can you provide the names or roles of the individuals assigned to this project?,assigned_to
Who has been designated as the assignees or responsible parties for this project?,assigned_to
What is the list of assignees or team members assigned to work on this project?,assigned_to
Could you share the names of the people who have been assigned to handle this project?,assigned_to
I'm interested in knowing the assignees of this project. Can you provide their names or roles?,assigned_to
Who are the individuals or team members tasked with the responsibilities for this project?,assigned_to
Can you specify the assignees or personnel assigned to manage and execute this project?,assigned_to
Who has been allocated roles and responsibilities as assignees for this project?,assigned_to
What is the assignment structure like in terms of team members for this project?,assigned_to
Could you provide information on the individuals or team members assigned to this project and their respective roles?,assigned_to
What is the task status?,status
Can you provide an update on the current status of the task?,status
What is the progress status of the task at this moment?,status
"Could you share the status of the task, including any updates or changes?",status
I'm interested in knowing the latest status of the task. Can you provide that information?,status
What is the task's current status in terms of completion and progress?,status
"Can you give me an overview of the task status, including any pending or completed aspects?",status
"What is the task's status report, indicating its progress and any issues encountered?",status
"Could you provide information on the task's status, such as whether it's ongoing, completed, or pending?",status
I'd like to know the task's current status. Could you summarize that for me?,status
"Can you clarify the task's status, including any milestones achieved or upcoming deadlines?",status
what are the high priority task?,High
Can you provide a list of tasks that have been categorized as high priority?,High
Which tasks are currently marked as high priority and require immediate attention?,High
What specific tasks have been designated as high priority in the project?,High
Could you identify the tasks that are considered high priority at this time?,High
I'm interested in knowing which tasks are classified as high priority. Could you share that information?,High
"What are the tasks that have been prioritized as high priority, indicating their criticality?",High
Can you list the tasks that are identified as high priority in the task management system?,High
"What tasks are on the list of high priority tasks, indicating their importance and urgency?",High
I'd like to know which tasks are currently classified as high priority. Could you clarify that for me?,High
"What tasks are identified as high priority, signifying that they require immediate action or attention?",High
what are the low priority task?,Low
Can you provide a list of tasks that have been categorized as low priority?,Low
Which tasks are currently marked as low priority and can be addressed later?,Low
What specific tasks have been designated as low priority in the project?,Low
Could you identify the tasks that are considered low priority at this time?,Low
I'm interested in knowing which tasks are classified as low priority. Could you share that information?,Low
"What are the tasks that have been deprioritized, indicating their lower urgency?",Low
Can you list the tasks that are identified as low priority in the task management system?,Low
"What tasks are on the list of low priority tasks, indicating they are not immediate priorities?",Low
I'd like to know which tasks are currently classified as low priority. Could you clarify that for me?,Low
"What tasks are identified as low priority, signifying that they can be addressed after higher priority tasks are completed?",Low
what are the no priority task?,No_Priority
Can you provide a list of tasks that have been categorized as having no priority?,No_Priority
Which tasks are currently marked as no priority and can be deferred indefinitely?,No_Priority
What specific tasks have been designated as having no priority in the project?,No_Priority
Could you identify the tasks that are considered as having no priority at this time?,No_Priority
I'm interested in knowing which tasks are classified as having no priority. Could you share that information?,No_Priority
"What are the tasks that have been labeled as having no priority, indicating they are not urgent or important?",No_Priority
Can you list the tasks that are identified as having no priority in the task management system?,No_Priority
"What tasks are on the list of no priority tasks, indicating they are not considered immediate or significant?",No_Priority
I'd like to know which tasks are currently classified as having no priority. Could you clarify that for me?,No_Priority
"What tasks are identified as having no priority, signifying that they are not prioritized for action or attention?",No_Priority
what are the medium priority  task?,Medium
Which tasks are currently marked as medium priority and require attention but are not urgent?,Medium
What specific tasks have been designated as medium priority in the project?,Medium
Could you identify the tasks that are considered medium priority at this time?,Medium
I'm interested in knowing which tasks are classified as medium priority. Could you share that information?,Medium
"What are the tasks that have been prioritized as medium priority, indicating their moderate importance?",Medium
Can you list the tasks that are identified as medium priority in the task management system?,Medium
"What tasks are on the list of medium priority tasks, indicating they are important but not critical?",Medium
I'd like to know which tasks are currently classified as medium priority. Could you clarify that for me?,Medium
"What tasks are identified as medium priority, signifying that they require attention but are not top priorities?",Medium
what are the task is in the open status?,Open
Can you provide a list of tasks that are currently in the open status?,Open
Which tasks are marked as open and are awaiting action or assignment?,Open
What specific tasks have been categorized as open in the project?,Open
Could you identify the tasks that are considered to be in the open status at this time?,Open
I'm interested in knowing which tasks are classified as open. Could you share that information?,Open
"What are the tasks that are in the open status, indicating they are available for action or assignment?",Open
Can you list the tasks that are identified as open in the task management system?,Open
"What tasks are currently in the open status, indicating they are not yet assigned or in progress?",Open
I'd like to know which tasks are currently classified as open. Could you clarify that for me?,Open
"What tasks are identified as being in the open status, signifying they are ready for action or assignment?",Open
what are the task is in the in-process status?,In-Progress
Can you provide a list of tasks that are currently in the in-process status?,In-Progress
Which tasks are marked as in-process and are actively being worked on?,In-Progress
What specific tasks have been categorized as in-process in the project?,In-Progress
Could you identify the tasks that are considered to be in the in-process status at this time?,In-Progress
I'm interested in knowing which tasks are classified as in-process. Could you share that information?,In-Progress
"What are the tasks that are in the in-process status, indicating they are currently being executed or implemented?",In-Progress
Can you list the tasks that are identified as in-process in the task management system?,In-Progress
"What tasks are currently in the in-process status, indicating they are underway and being worked on?",In-Progress
I'd like to know which tasks are currently classified as in-process. Could you clarify that for me?,In-Progress
"What tasks are identified as being in the in-process status, signifying they are actively in progress or being executed?",In-Progress
what are the task is in the completed status?,Completed
Can you provide a list of tasks that are currently in the completed status?,Completed
Which tasks have been marked as completed and are no longer in active development?,Completed
What specific tasks have been designated as completed in the project?,Completed
Could you identify the tasks that are considered to be in the completed status at this time?,Completed
I'm interested in knowing which tasks are classified as completed. Could you share that information?,Completed
"What are the tasks that are in the completed status, indicating they have been successfully finished?",Completed
Can you list the tasks that are identified as completed in the task management system?,Completed
"What tasks are currently in the completed status, indicating they have achieved their objectives?",Completed
I'd like to know which tasks are currently classified as completed. Could you clarify that for me?,Completed
"What tasks are identified as being in the completed status, signifying they have reached their final stage and are ready for review or deployment?",Completed
what is the task description?,description
"Can you provide a detailed description of the task, including its objectives and requirements?",description
"What is the task's purpose, and what are the specific actions or deliverables it entails?",description
"Could you give an overview of the task, including its background, scope, and expected outcomes?",description
"I'm interested in understanding the task better. Could you describe its goals, timeline, and key components?",description
"What are the key aspects of the task that you can describe, such as its objectives, dependencies, and stakeholders?",description
"Can you provide a comprehensive description of the task, including its goals, deliverables, and resources required?",description
"What is the task all about? Could you provide a synopsis that includes its purpose, activities, and desired results?",description
"I'd like to know more about the task. Can you outline its description, including its objectives and expected impact?",description
"Could you provide an overview of the task's scope, including the activities involved and the desired outcomes?",description
"What are the main elements of the task description that you can share, such as its objectives, timeline, and dependencies?",description
what is the task title?,title
Can you provide the title or name of the task for reference?,title
What is the official title of the task that you're referring to?,title
Could you share the task's specific title or name for identification?,title
I'm interested in knowing the task's title. Could you provide that information?,title
What is the task formally called? Can you share its title?,title
Can you give me the task's title or name so I can identify it correctly?,title
What is the task's title that you're discussing? Please share it with me.,title
"Could you specify the title of the task you're referring to, including any version or code if applicable?",title
Can you clarify the task's title for better understanding and reference?,title
What title has been assigned to the task? I'd like to know the specific name used to refer to it.,title
which are the task contains feature tag?,feature
Can you list the tasks that are tagged with a feature tag for reference?,feature
"Which tasks have been labeled with a feature tag, indicating they are related to a specific feature or functionality?",feature
"Could you provide an overview of the tasks that contain a feature tag, specifying their features or functionalities?",feature
I'm interested in knowing which tasks are categorized with a feature tag. Could you share that information?,feature
"What tasks are marked with a feature tag, signifying they are associated with a particular feature or capability?",feature
Can you outline the tasks that have been identified with a feature tag in the task management system?,feature
"What tasks are on the list of tasks with a feature tag, indicating they are part of feature-related work?",feature
Could you clarify which tasks contain a feature tag for easier identification and reference?,feature
I'd like to know which tasks are tagged with a feature tag. Could you provide details on those tasks?,feature
"What tasks are identified as containing a feature tag, indicating they are related to feature development or implementation?",feature
which are the task contains refactor tag?,refactor
Can you list the tasks that are tagged with a refactor tag for reference?,refactor
"Which tasks have been labeled with a refactor tag, indicating they require code refactoring or improvement?",refactor
"Could you provide an overview of the tasks that contain a refactor tag, specifying the areas for refactoring?",refactor
I'm interested in knowing which tasks are categorized with a refactor tag. Could you share that information?,refactor
"What tasks are marked with a refactor tag, signifying they need code restructuring or enhancement?",refactor
Can you outline the tasks that have been identified with a refactor tag in the task management system?,refactor
"What tasks are on the list of tasks with a refactor tag, indicating they are candidates for code improvement?",refactor
Could you clarify which tasks contain a refactor tag for easier identification and reference?,refactor
I'd like to know which tasks are tagged with a refactor tag. Could you provide details on those tasks?,refactor
"What tasks are identified as containing a refactor tag, indicating they require code optimization or restructuring?",refactor
which are the task contains release tag?,release
Can you list the tasks that are tagged with a release tag for reference?,release
"Which tasks have been labeled with a release tag, indicating they are part of a specific release or version?",release
"Could you provide an overview of the tasks that contain a release tag, specifying their release-related activities?",release
I'm interested in knowing which tasks are categorized with a release tag. Could you share that information?,release
"What tasks are marked with a release tag, signifying they are related to a particular release or deployment?",release
Can you outline the tasks that have been identified with a release tag in the task management system?,release
"What tasks are on the list of tasks with a release tag, indicating they are part of a release cycle?",release
Could you clarify which tasks contain a release tag for easier identification and reference?,release
I'd like to know which tasks are tagged with a release tag. Could you provide details on those tasks?,release
"What tasks are identified as containing a release tag, indicating they are part of a release plan or milestone?",release
when the task is created?,created_at
Can you provide the date or timestamp when the task was initially created?,created_at
When was the task first established or added to the project?,created_at
"What is the creation date of the task, indicating when it was started?",created_at
Could you share the historical record or creation timestamp of the task?,created_at
I'm interested in knowing the task's inception date. When was it first created?,created_at
"What is the task's creation timeline, including the start date?",created_at
Can you specify the exact date or timeframe when the task was created?,created_at
When did the task officially begin or get added to the project?,created_at
What is the task's creation history or initiation point?,created_at
Could you provide information on when the task was initially created or added to the project?,created_at
when the task is assigned?,created_at
Can you provide the date or timestamp when the task was assigned to a team member?,created_at
When was the task officially allocated or assigned to a specific individual or team?,created_at
"What is the assignment date of the task, indicating when it was delegated to a responsible party?",created_at
Could you share the historical record or assignment timestamp of the task?,created_at
I'm interested in knowing the task's assignment date. When was it assigned to someone?,created_at
"What is the task's assignment timeline, including the date it was delegated?",created_at
Can you specify the exact date or timeframe when the task was assigned to its respective assignee?,created_at
When did the task officially get assigned and become active?,created_at
What is the task's assignment history or initiation point?,created_at
Could you provide information on when the task was first allocated or assigned to an individual or team?,created_at
what is the task due date of the project?,due date
Can you provide the due date or deadline for completing the task within the project?,due date
When is the task expected to be completed or delivered? What is its due date?,due date
What is the target completion date or due date for the task in the project?,due date
Could you share the timeline or deadline set for finishing the task?,due date
I'm interested in knowing the task's due date. When is it scheduled to be finished?,due date
What is the task's due date in terms of completion and progress within the project?,due date
"Can you give an overview of the task's due date, including any milestones or checkpoints?",due date
"Could you clarify the task's due date, indicating when it should be completed according to the project timeline?",due date
What is the task's due date or deadline for completion within the project?,due date
Could you provide information on the scheduled due date or deadline for completing the task within the project?,due date
who assigned this task in the task?,assigned_by
Can you identify the individual or team member who assigned this specific task within the project?,assigned_by
Who is responsible for assigning this task in the project?,assigned_by
What is the name or role of the person who assigned this task in the project?,assigned_by
Could you provide information on who delegated this task within the project?,assigned_by
I'm curious to know who assigned this task. Can you share the name or role of the person responsible?,assigned_by
What is the assignment history of this task? Who was the assignor within the project?,assigned_by
Can you specify the individual or team member who assigned this task and their role in the project?,assigned_by
Who is the designated person or entity responsible for task assignment in this project?,assigned_by
"What is the chain of command or responsibility for task assignment in the project, and who specifically assigned this task?",assigned_by
Could you clarify who assigned this task within the project and provide details on their role or authority?,assigned_by
how many members are working in the task?,assigned_to
Can you provide the total number of team members actively working on the task?,assigned_to
How many individuals are currently assigned to work on the task?,assigned_to
What is the headcount of team members contributing to the task?,assigned_to
Could you share the number of people involved in working on the task?,assigned_to
I'm interested in knowing the size of the team working on the task. How many members are there?,assigned_to
What is the team composition like for the task in terms of the number of members actively involved?,assigned_to
Can you specify the total count of individuals working on the task?,assigned_to
How many team members are allocated roles and responsibilities for the task?,assigned_to
What is the manpower or resource allocation like for the task in terms of team members?,assigned_to
"Could you provide information on the workforce size for the task, including the number of members contributing to its progress?",assigned_to
who are the asignee of this task?,assigned_to
Can you provide the names or roles of the individuals assigned to this task?,assigned_to
Who has been designated as the assignees or responsible parties for this task?,assigned_to
What is the name or role of the person who assigned this task in the project?,assigned_to
Could you provide information on who delegated this task within the project?,assigned_to
I'm curious to know who assigned this task. Can you share the name or role of the person responsible?,assigned_to
Who are the individuals or team members tasked with the responsibilities for this task?,assigned_to
Can you specify the assignees or personnel assigned to manage and execute this task?,assigned_to
Who has been allocated roles and responsibilities as assignees for this task?,assigned_to
Could you clarify who assigned this task within the project and provide details on their role or authority?,assigned_to
What is the assignment history of this task? Who was the assignor within the project?,assigned_to
what are all the subtask under this project?,title
What subtasks are involved in this project?,title
Can you list the subtasks for this project?,title
What are the specific tasks that make up this project?,title
Could you outline the subtasks within this project?,title
What subtasks have you identified for this project?,title
Can you break down the project into its subtasks?,title
What are the individual tasks that fall under this project?,title
How would you categorize the tasks within this project?,title
What specific activities are part of this project?,title
Can you provide a detailed breakdown of the subtasks for this project?,title
what are all the subtask assigned?,title
Can you list out the subtasks that have been assigned?,title
What subtasks have been given?,title
Could you provide a rundown of the subtasks that are currently assigned?,title
What are the subtasks that need to be completed?,title
Can you summarize the subtasks that have been assigned?,title
Could you outline the subtasks that are on the list?,title
What specific tasks have been designated?,title
Can you enumerate the subtasks that are pending?,title
What tasks are part of the assignment?,title
Could you detail the subtasks that have been allocated?,title
when was the subtask assigned?,created_at
On what date was the subtask assigned?,created_at
When was the subtask given to you?,created_at
What is the assignment date for the subtask?,created_at
When did you receive the subtask?,created_at
What day was the subtask assigned?,created_at
Can you tell me the date when the subtask was assigned?,created_at
When did the subtask come your way?,created_at
What was the assignment date for the subtask?,created_at
On which date did the subtask become your responsibility?,created_at
When did you get the subtask to work on?,created_at
what is the due date of the subtask,due_date
When is the deadline for the subtask?,due_date
What is the subtasks due date?,due_date
Could you please tell me when the subtask is due?,due_date
When do I need to complete the subtask by?,due_date
Whats the timeline for finishing the subtask?,due_date
By when should I have the subtask completed?,due_date
When is the subtask supposed to be finished?,due_date
Whats the deadline for completing the subtask?,due_date
When is the subtask due?,due_date
When do I have to submit the subtask by?,due_date
who are the members of the subtask?,assigned_to
Who is part of the subtask group?,assigned_to
Which individuals are involved in the subtask?,assigned_to
Can you list the members of the subtask?,assigned_to
Who are the members assigned to the subtask?,assigned_to
Could you tell me the people working on the subtask?,assigned_to
Who makes up the subtask team?,assigned_to
Which individuals are part of the subtask?,assigned_to
Who is on the subtask roster?,assigned_to
Can you provide the names of the subtask members?,assigned_to
Who comprises the subtask group?,assigned_to
What is the subtask status?,status
What is the status of the subtask?,status
Can you provide an update on the subtask?,status
How is the subtask progressing?,status
What is the current status of the subtask?,status
Could you give me a status update on the subtask?,status
How far along is the subtask?,status
Whats the progress on the subtask?,status
Could you tell me how the subtask is coming along?,status
Whats the status report on the subtask?,status
Can you let me know the status of the subtask?,status
what are the high priority subtask?,high
What subtasks are of high priority?,high
Could you list the high-priority subtasks?,high
Which subtasks should be prioritized?,high
What are the most urgent subtasks?,high
Can you identify the top-priority subtasks?,high
What subtasks require immediate attention?,high
Which subtasks are critical and should be addressed first?,high
What are the key subtasks that need to be focused on?,high
Could you specify the subtasks that are of utmost importance?,high
Can you outline the subtasks that should be tackled as a priority?,high
what are the low priority subtask?,low
What tasks are considered low priority?,low
Could you list the subtasks that are of low priority?,low
Which subtasks have lower priority?,low
What are the less urgent subtasks?,low
Can you identify the tasks that are not high priority?,low
What subtasks are not currently top priority?,low
Which tasks are considered lower in priority?,low
What are the tasks that are not high on the priority list?,low
Can you list the subtasks that are of lower importance?,low
What are the subtasks that are not as urgent as others?,low
what are the no priority subtask?,No_priority
What are some subtasks that are not a priority?,No_priority
Could you list subtasks that are of lower priority?,No_priority
What subtasks can be considered less urgent?,No_priority
Are there any subtasks that are not as important right now?,No_priority
Which subtasks are lower on the priority list?,No_priority
What subtasks are of a lower priority compared to others?,No_priority
Can you identify subtasks that are not the top priority?,No_priority
What are some subtasks that can be addressed later?,No_priority
Which subtasks are of lower importance at the moment?,No_priority
What subtasks are lower in priority than others?,No_priority
what are the medium priority  subtask?,medium
Can you list the subtasks that are of medium priority?,medium
Which subtasks fall into the category of medium priority?,medium
What are the subtasks that are considered to be of medium priority?,medium
Could you identify the medium priority subtasks?,medium
What subtasks are not high priority but also not low priority?,medium
Which tasks have been assigned a medium level of priority?,medium
Can you provide a list of subtasks that are neither high nor low priority?,medium
What subtasks are considered medium in terms of priority?,medium
Could you specify the subtasks that are ranked as medium priority?,medium
What tasks fall into the medium priority range?,medium
what are the subtask is in the open status?,open
What subtasks are currently in the open status?,open
Which subtasks are still open?,open
Can you list the subtasks that are in the open status?,open
What subtasks have not been closed yet?,open
Are there any subtasks that are currently open?,open
Which subtasks are awaiting completion?,open
What is the status of the subtasks? Are any still open?,open
"Have all subtasks been closed, or are there still some open?",open
Which subtasks are yet to be completed?,open
Could you provide an update on the status of the subtasks that are still open?,open
what are the subtask is in the in-process status?,In-Progress
What subtasks are currently in the in-process status?,In-Progress
Could you list the subtasks that are currently in the in-process status?,In-Progress
What subtasks are currently being worked on?,In-Progress
Which subtasks are currently in progress?,In-Progress
What tasks are currently in the process of being completed?,In-Progress
Can you provide an update on the subtasks that are currently in the in-process status?,In-Progress
What work is currently underway?,In-Progress
Which tasks are currently being worked on?,In-Progress
What subtasks are currently being tackled?,In-Progress
what are the subtask is in the completed status?,Completed
What subtasks have been completed?,Completed
Which subtasks are marked as completed?,Completed
What subtasks have reached the completed status?,Completed
Can you list the subtasks that are in the completed status?,Completed
Which subtasks have been finished?,Completed
What subtasks have been marked as done?,Completed
What is the status of the subtasks?,Completed
Which subtasks have been completed successfully?,Completed
Which subtasks have been accomplished?,Completed
What subtasks are now considered complete?,Completed
what is the subtask description?,description
Could you provide a description of the subtask?,description
What does the subtask entail?,description
How would you describe the subtask?,description
Can you explain what the subtask involves?,description
What is the description of the subtask?,description
Could you elaborate on the subtasks description?,description
Can you provide more details about the subtask?,description
What are the specifics of the subtask?,description
How is the subtask described?,description
Can you describe the subtask in more detail?,description
what is the subtask title?,title
What is the title of the subtask?,title
Can you tell me the subtasks title?,title
What do you call the subtask?,title
How is the subtask titled?,title
What is the name of the subtask?,title
Could you provide the title of the subtask?,title
Whats the title of the subtask?,title
Whats the subtasks title?,title
Could you specify the title of the subtask?,title
How is the subtask officially titled?,title
which are the subtask contains feature tag?,Feature
Which subtasks involve the use of feature tags?,Feature
In what subtasks are feature tags utilized?,Feature
Which tasks include the feature tag as a component?,Feature
What subtasks incorporate the feature tag?,Feature
Which subtasks relate to the feature tag?,Feature
What are the subtasks that feature the feature tag?,Feature
Which tasks require the use of feature tags?,Feature
What subtasks specifically address feature tagging?,Feature
Which subtasks involve the use of feature attributes?,Feature
In what ways are feature tags utilized in subtasks?,Feature
which are the subtask contains refactor tag?,Refactor
Which subtasks have the refactor tag?,Refactor
What subtasks are tagged with refactor?,Refactor
List the subtasks containing the refactor tag.,Refactor
Which subtasks need refactoring?,Refactor
Identify the subtasks marked for refactoring.,Refactor
Which subtasks require code refactoring?,Refactor
What are the subtasks that need code improvement (refactor)?,Refactor
Which subtasks have been tagged for refactoring?,Refactor
What subtasks are labeled with the refactor tag?,Refactor
List subtasks that have been marked for refactoring.,Refactor
which are the subtask contains release tag?,Release
What subtasks are tagged with release?,Release
Which subtasks have the release tag assigned to them?,Release
What are the subtasks that include the release tag?,Release
Which subtasks are marked with the release tag?,Release
What subtasks have been tagged with release?,Release
Which subtasks contain the tag release?,Release
What subtasks are labeled with the release tag?,Release
Which subtasks are associated with the release tag?,Release
What subtasks have the release tag attached?,Release
Which subtasks are categorized under the release tag?,Release
when the subtask is created?,created_at
When was the subtask created?,created_at
At what point was the subtask created?,created_at
What is the creation time of the subtask?,created_at
Could you tell me when the subtask was created?,created_at
Do you know the exact moment when the subtask was created?,created_at
When did the subtask come into existence?,created_at
What was the time of creation for the subtask?,created_at
When was the subtask initiated?,created_at
At what time was the subtask generated?,created_at
When did the subtask start?,created_at
when the subtask is assigned?,assigned_by
When will the subtask be assigned?,assigned_by
At what time is the subtask assigned?,assigned_by
When is the assignment of the subtask scheduled?,assigned_by
When can we expect the subtask to be assigned?,assigned_by
What is the timeline for assigning the subtask?,assigned_by
When does the subtask assignment take place?,assigned_by
At what point is the subtask typically assigned?,assigned_by
When should we anticipate the subtask being assigned?,assigned_by
What is the expected timing for the subtask assignment?,assigned_by
When do we receive the assignment for the subtask?,assigned_by
what is the subtask due date of the project?,due date
When is the deadline for the subtask in the project?,due date
What is the subtasks deadline in the project?,due date
By when should the subtask be completed in the project?,due date
What is the due date for the subtask in the project?,due date
When is the subtask supposed to be finished in the project?,due date
What is the deadline for completing the subtask in the project?,due date
By what date should the subtask be done in the project?,due date
When should the subtask be completed by in the project?,due date
What is the timeframe for completing the subtask in the project?,due date
What is the target date for finishing the subtask in the project?,due date
who assigned this subtask in the task?,assigned_by
By whom was this subtask assigned in the task?,assigned_by
Who is responsible for assigning this subtask in the task?,assigned_by
Who gave this subtask in the task?,assigned_by
Who is the person who assigned this subtask in the task?,assigned_by
Who assigned this particular subtask in the task?,assigned_by
Who allocated this subtask in the task?,assigned_by
Who designated this subtask in the task?,assigned_by
Who appointed this subtask in the task?,assigned_by
Who nominated this subtask in the task?,assigned_by
Who selected this subtask in the task?,assigned_by
how many members are working in the subtask?,assigned_to
What is the total number of individuals currently assigned to the subtask?,assigned_to
Could you provide the count of members actively engaged in the subtask?,assigned_to
How many team members are currently working on the subtask?,assigned_to
What is the headcount for the subtask team?,assigned_to
Could you tell me the number of participants involved in the subtask?,assigned_to
What is the total manpower dedicated to the subtask?,assigned_to
How many people are part of the subtask team?,assigned_to
What is the current membership count for the subtask?,assigned_to
Could you provide the tally of members contributing to the subtask?,assigned_to
How large is the subtask team in terms of personnel?,assigned_to
